{"cameraMode":{"drawMode":0,"name":"Shaded","section":"Shading Mode"},"sceneLighting":false,"audioPlay":false,"sceneViewState":{"showFog":true,"showMaterialUpdate":false,"showSkybox":false,"showFlares":true,"showImageEffects":true,"showParticleSystems":true},"in2DMode":false,"pivot":{"x":-0.0253753662109375,"y":59.719268798828128,"z":1.8590459823608399},"rotation":{"x":-0.09838613867759705,"y":-0.7745141983032227,"z":0.12444199621677399,"w":-0.6123446822166443},"size":90.32870483398438,"orthographic":false}