{"cameraMode":{"drawMode":0,"name":"Shaded","section":"Shading Mode"},"sceneLighting":false,"audioPlay":false,"sceneViewState":{"showFog":true,"showMaterialUpdate":false,"showSkybox":false,"showFlares":true,"showImageEffects":true,"showParticleSystems":true},"in2DMode":false,"pivot":{"x":7.4947662353515629,"y":39.267906188964847,"z":-2069.800048828125},"rotation":{"x":-0.2653791308403015,"y":-0.03788142651319504,"z":0.01043549831956625,"w":-0.9633443355560303},"size":86.6025390625,"orthographic":false}