{"cameraMode":{"drawMode":0,"name":"Shaded","section":"Shading Mode"},"sceneLighting":false,"audioPlay":false,"sceneViewState":{"showFog":true,"showMaterialUpdate":false,"showSkybox":false,"showFlares":true,"showImageEffects":true,"showParticleSystems":true},"in2DMode":false,"pivot":{"x":1.2362289428710938,"y":199.15829467773438,"z":7842.0},"rotation":{"x":0.1298377364873886,"y":-0.008647527545690537,"z":0.0011292536510154605,"w":0.9915015697479248},"size":174.79518127441407,"orthographic":false}